SKU,Producto,Codigos_Barras,Stock_Total,Almacen,Piso_de_Venta,Averia,Galpon,Nodo_Transito
8362,AZUCAR REFINADA KRYSTAL 1KG,083621 | 8435564902842 | 8435564906369 | 083627 | 8435564905744 | 083624 | 078362 | 083626 | 7592806136036 | 7598252000891 | 083625 | 7599722000014,99,3,2,14,0,0
14086,PROT DIAR KOTEX X 15,061513 | 067832 | 8411114086231 | 8411114086255 | 059187 | 810876033312 | 663350086287 | 014086 | 7702425544932 | 8411114086224,0,0,0,0,0,0
14326,PROT DIAR CAREFREE X60 S/FRAGANCIA,7702031969341 | 770203196341 | 014326,46,42,4,0,0,0
15654,PROT DIAR NUBES X 2,7591248330309 | 015654,25,17,8,0,0,0
43381,PROT DIAR KOTEX MEGA PACK X 5,7702425809765 | 7591253009849 | 043381,59,36,23,0,0,0
62314,PROT DIAR ALWAYS DELGADA X 2,062314 | 037000426882,25,6,19,0,0,0
71391,PROT DIAR KOTEX ULTRA FLEXIBLE X 15 DISCRETA,071391 | 7702425804814,15,6,9,0,0,0
77998,KOTEX PROTECTOR LINER LARGO X 16,050382 | 077998 | 7702425887855 | 8699847071155,0,0,0,0,0,0
77999,KOTEX PROTECTOR LARGO X 48,7702425712072 | 077999 | 7591257002273 | 000517 | 8681308779991,0,0,0,0,0,0
79456,PROT CAREFREE 60 CON PERFUME,051077 | 736211794567 | 9789295055124 | 079456 | 8543687945698 | 059647 | 0705632523315 | 705632523315 | 7702031504474,0,0,0,0,0,0
79968,TOA KOTEX FEM C/ALAS X8 UNID ESENCIAL,7702425152540 | 7591039000725 | 7996879968790 | 079968 | 050374,0,0,0,0,0,0
82814,PROT DIAR CAREFREE S/PERFUME X 1,7790010616751 | 082814,27,22,5,0,0,0
82815,PROT CAREFREE C/PERFUME X 1,7702031501442 | 082815,14,8,6,0,0,0
42416,YOGURT MIGURT SABOR FRESA 125ML,042416 | 082095 | 7598424165618 | 7593922000096,0,0,0,0,0,0
42418,YOGURT MIGURT FRUTA FRESA 125ML.,077493 | 7593922000133 | 042418 | 8424184241844,0,0,0,0,0,0
42419,YOGURT MIGURT FRUTA DURAZNO 125ML,7593922000140 | 042419,59,48,11,0,0,0
42853,YOGURT MIGURT FRESA 750ML,7593922000355 | 8682241212026 | 048645 | 042853 | 8534285342859,1,0,1,0,0,0
42878,YOGURT MIGURT ORIGINAL 750 ML,7593922001048 | 042878,9,3,6,0,0,0
81994,YOGURT MIGURT SABOR PIE DE LIMON 125ML,081994 | 7593922000874,64,48,16,0,0,0
2909,SOL DEXTROSA 5% X  500 ML KMPLUS,KM00070 | 6942189211379 | 7598176001394 | 052909 | 75011251137722 | 7596273000944 | 082909 | 062909 | 002909,0,0,0,0,0,0
15375,SPLENDA ENDULZANTE X50 SOBRE,015375 | 722776020012,19,12,7,0,0,0
82220,GOM TRULULU SABORES X70 G,7702993051757 | 082220 | 083895 | 8697713822207,4,0,4,0,0,0
82512,GOM TRULULU GUSANOS ACIDOS X 70 G,082512 | 7702993051733,207,193,14,0,0,0
82513,GOM TRULULU FRESITAS X 70 G,25133 | 7591818251393 | 082513 | 7591818251331 | 043996 | 003261 | 7702993051726 | 7591818716687 | 25139 | 003260 | 228JF5E00V,0,0,0,0,0,0
83169,TRULULU GOMITAS CON NANOS 70G,7702993059081 | 083169,174,168,6,0,0,0
20893,COMPOTAS HEINZ MANZANA 186G,020893 | 7591112000017,16,6,10,0,0,0
20895,COMPOTA HEINZ KIDZ FRUTAS MIX X 186 G,7591112000062 | 020895 | 7591112006033,15,0,15,0,0,0
47714,HEINZ COLADO  POUCH PERA 113G,047714 | 7591112156486,65,48,5,0,0,12
54273,COMPOTA HEINZ PERA 186GR,006980 | 006981 | 054273 | 7703090112426 | 6682838100622 | 8029087002877 | 006978 | 7591112000024 | 7706659501709,1,0,0,1,0,0
55932,HEINZ COLADO POUCH MANZANA 113G,7591112156493 | 055932,39,26,13,0,0,0
59991,NATULAC COLADO DE DURAZNO 186G,7592396003671 | 7596347792522 | 7599910793612 | 6913617148352 | 056165 | 7596347803471 | 7599910803472 | 059991 | 053736 | 7599917144301 | 069614 | 053480 | 7596347793611 | 7599910792523,0,0,0,0,0,0
59992,ATUN SOLIDO AL NATURAL DIMARE 160GR,7599920000021 | 059992 | 082135 | 082134 | 7599920000014 | 7592396003688,48,25,23,0,0,0
59993,NATULAC COLADO DE MANZANA 186G,7592396003695 | 059993,73,24,49,0,0,0
60427,COMPOTA HEINZ MELOCOTON X 186 G,7591112000055 | 060427,24,12,0,0,0,12
65161,COLADO HEINZ FRUTAS TROPICALES X 186 G,065161 | 7591112000079 | 8541885418853,22,12,10,0,0,0
65952,TIRAS REACTIVAS BMS P/GLUCOMETRO X5,077009 | 073713 | 0659525103095 | 065952 | 0659525103088 | 0659525103118 | 071835 | 659525103095 | 7591112156455 | 659525103088 | 071689 | 659525103071,1,0,0,1,0,0
67685,COLADO HEINZ POSTRE FRUTAS X 113 G POUCH,7591112000154 | 067685,18,0,18,0,0,0
74157,COLADO OSOLE BABY FRUTAS MIXTAS X 100 G,7595826004323 | 074157,84,78,7,-1,0,0
74422,COLADO OSOLE BABY PERA X 100 G,074422 | 7595826004316,60,36,24,0,0,0
74423,COLADO OSOLE BABY MANZANA X 100 G,074423 | 7595826004293,28,0,28,0,0,0
74424,COLADO OSOLE BABY DURAZNO X 100 G,074424 | 7595826006761,37,17,20,0,0,0
78464,COLADO OSOLE BABY BANANA X 100 G,7595826006914 | 078464,80,60,21,-1,0,0
78465,COLADO OSOLE BABY CIRUELA X 100 G,078465 | 7595826004309,13,0,13,0,0,0
79629,COLADO OSOLE BABY MANGO 100GR,079629 | 7595826006921,72,47,25,0,0,0
81112,COLADO MANZANA S/A OSOLE 100GR.,7595826007959 | 081112,64,51,14,-1,0,0
81600,SARDINA ORIENTE E/SALSA D/TOMATE X 170 G,081600 | 075716 | 6956006816001 | 6956006816002 | 7592816000136 | 071685 | 7592816000129 | 7595826007935 | 071686,0,0,0,0,0,0
81601,COLADO D/COCTEL D/FRUTAS S/A OSOLE 100GR,7595826007942 | 081601,30,12,18,0,0,0
81613,COLADO PERA Y DURAZNO S/A OSOLE 100GR,081613 | 8161381613813 | 066910 | 7595826007966,0,0,0,0,0,0
82111,COLADO DE MANZANA POLLY 100GR,082111 | 7591112000680,62,27,35,0,0,0
84159,COLADO MANZANA OSOLE X 150G,7595826008499 | 7700304666638 | 070816 | 084159 | 7700304084159,22,0,22,0,0,0
84162,COLADO FRUTAS MIXTAS OSOLE X 150G,7595826008505 | 084162,34,24,10,0,0,0
9832,ARROZ PRIMOR TRADICIONAL X 900G,079832 | 8537985379859 | 009832 | 7598322318529 | 076975 | 7591585217639 | 026373 | 7598322318512 | 7591002800109 | 038000284472 | 045463 | 7598322318505 | 054329 | 076974,1,0,1,0,0,0
13586,ARROZ MARY INTEGRAL X 800 G,7591473000442 | 013586 | 2019060913586 | 077891,0,0,0,0,0,0
13587,MARY ARROZ SUPERIOR 900GR,7591473005355 | 013587 | 860000853132 | 055420 | 860011358701 | 7591473000015,4,0,0,4,0,0
23531,ARROZ MARY TRADICIONAL 900G,7591473005362 | 7591473000619 | 023531,256,192,58,6,0,0
51606,ARROZ MARY DORADO X 800 G,043163 | 7591473005492 | 7500435160674 | 051606,8,4,4,0,0,0
55789,MARY ARROZ PREMIUM 900GR,667557597089 | 667557589558 | 055789 | 7591473005249 | 667558379622 | 078852 | 667558216019 | 667558701669 | 667556977387 | 667558180693 | 667557895703 | 667558334508 | 667558717523 | 667558547106 | 667558533970 | 667557597232,8,0,0,8,0,0
59860,MARY ARROZ ESMERALDA 900 GR,7591473005232 | 059860,484,28,455,1,0,0
60628,ARROZ BLANCO MASIA 900GR,7591807000209 | 060628 | 7591807000292,1088,221,562,17,0,0
81175,ARROZ PRIMOR CLASICO SUPERIOR 900GR.,8906089281175 | 081175 | 7591002800093 | 060086,0,0,0,0,0,0
81948,ARROZ MARY PREMIUM 2KG,081948 | 006917 | 7591651002022 | 7591473005591,65,0,0,17,0,0
80227,ACONDI EVERY NIGHT BIO COCO X 210 ML,7590005164560 | 053357 | 7591098802278 | 080227 | 7702123409861 | 4057598022767 | 001184,0,0,0,0,0,0
11533,GILLETTE VENUS SIMPLY 3 X2 UNID,011533 | 7702018072392 | 049985 | 6971077611533,7,0,7,0,0,0
14994,MAQ SCHICK EXACTA P/SENSIB X5,014994 | 7591066680198,13,1,12,0,0,0
15403,AFEITADORA SCHICK XTREME3 HAWAIIAN TROPIC X 2,7591066712011 | 015403,14,6,8,0,0,0
18550,MAQ SCHICK QUATTRO DES HOMBRE X 1,018550 | 4891228530136,108,100,8,0,0,0
26084,MAQ D/AFEIT SCHICK XTREME P/NORMAL X 1 UND,7591066721020 | 026084,83,70,13,0,0,0
43163,AFEITADORA GILLETTE 2 X5 UNID,043163 | 7500435160674,12,8,4,0,0,0
43486,MAQ D/AFEIT GILLETTE MACH 3 RECARGABLE X 1,7702018001071 | 7500435141536 | 043486,23,12,11,0,0,0
43497,GILLETTE MAQ PRESTOBARBA3 X 1 UNID,7434974349743 | 7671976719765 | 047343 | 043497 | 7702018880409,12,0,12,0,0,0
45729,MAQ D/AFEIT GILLETTE VENUS ESSENTIAL CARE RECARG X 1,7506309841762 | 045729,7,1,6,0,0,0
51431,GILLETTE VENUS SIMPLY 3 X4 UNID,018565 | 7703293251649 | 7702018072408 | 055916 | 078192 | 300651431483 | 7500435143189 | 7500435143196 | 7896548197738 | 051431,0,0,0,0,0,0
53812,DALAN MAQ D/ AFEITAR DESECH X 3UND,053812 | 4901331000133,-71,-78,7,0,0,0
54448,GILLETTE MACH 3 CARBONO REPUESTO X2UND,7500435211390 | 054448,10,1,9,0,0,0
54522,MAQ EXACTA2 P/SENS VERDE X 1,042675 | 7501037608946 | 054522 | 7702098026063,0,0,0,0,0,0
54526,AFEITADORA EXTREME SCHICK NORMAL BLT X2,4005808630646 | 082631 | 042237 | 054526 | 7501054526131 | 7591066722027 | 7501054526483 | 7502214739507,0,0,0,0,0,0
62429,JAB EVERY NIGHT BIONUTRIENTES MANZANZA VERDE X 110 G,062429 | 7590005162429 | 058547 | 7502214739620,62,54,8,0,0,0
